<?xml version="1.0" encoding="UTF-8"?>
<!DOCTYPE suite SYSTEM "http://testng.org/testng-1.0.dtd">
<suite name="All Test Suite">
    <test verbose="2" preserve-order="true" name="/Users/colin/Downloads/apitest">
        <classes>
            <class name="TestCase.bilitest">
                <methods>
                    <include name="test"/>
                    <include name="init"/>

                </methods>
            </class>
        </classes>

    </test>
    <listeners>
        <listener class-name="utils.ExtentTestNGIReporterListener"/>
    </listeners>
</suite>